"","name","block","weight","loading","communality","redundancy"
"1","Seal_500","urban.matrix",0.745079862878605,0.991259533403853,0.982595462564023,0
"2","mean_tempNight_summer","urban.matrix",0.279300855021777,0.936024641793392,0.876142130044448,0
"3","N","soil",0.75075511787969,0.941504406040547,0.886430546593764,0
"4","P","soil",0.38723990540763,0.757052009787536,0.573127745523347,0
"5","PlantHerb_SR","Plant.div",0.526345915729694,0.789303757214983,0.623000421153689,0.287015991731203
"6","PlantHerb_Cover","Plant.div",0.667941917568372,0.875155721994279,0.765897537739328,0.3528486240052
"7","BGB_C_fine","BGprod",1,1,1,0.456422090352167
