"","name","block","weight","loading","communality","redundancy"
"1","Size_Patch","Patch",0.860177220125018,0.927458815981187,0.860179855341225,0
"2","SVF","Patch",0.379930201220865,0.532258433888766,0.283299040445722,0
"3","N","soil",0.752168402775354,0.942051047792141,0.88746017664627,0
"4","P","soil",0.385480534180782,0.755988804126405,0.571519071964472,0
"5","PlantHerb_SR","Plant.div",0.571087236338201,0.817648665092779,0.668549339528003,0.349681482269359
"6","PlantHerb_Cover","Plant.div",0.626293220960833,0.851120953758305,0.724406877926446,0.378897496209146
"7","AGB_C","AGprod",1,1,1,0.57115149322884
