"","name","block","weight","loading","communality","redundancy"
"1","Seal_500","urban.matrix",0.57427952702853,0.985098998880734,0.970420037595824,0
"2","mean_tempNight_summer","urban.matrix",0.445367938739533,0.975098957674355,0.950817977257613,0
"3","P","Soil",0.67071796666776,0.902449992904086,0.814415989692586,0
"4","N","Soil",0.489166374857274,0.806904554417098,0.651094959939056,0
"5","BG_Decomposer_TR","Decomp_Div",0.828040009792902,0.965738424259718,0.932650704091644,0.452473811936732
"6","Decomposer_SR","Decomp_Div",0.298480266020215,0.640489121555811,0.410226314831334,0.199020558944705
"7","Decomposer_Abun","Decomp_Div",-0.00356740499388956,0.445239491859921,0.198238205111681,0.0961749087250612
"8","BG_Decomposer_Abun","Decomp_Div",0.0256880104847847,0.418285874130686,0.174963072497272,0.0848830199920424
"9","decomposition_k","Decomposition.rate",1,1,1,0.521593557925387
